date	photo_id	photographer	page	landed_in	name
2026-09-07	mUC4lz7sJRY	Barnabas Davoti	https://unsplash.com/photos/a-golden-retriever-licks-its-nose-mUC4lz7sJRY	hero/veterinary	f-golden-nose
2026-09-07	P0GTa-9bmac	Lisa Therese	https://unsplash.com/photos/golden-retriever-puppy-on-green-grass-field-during-daytime-P0GTa-9bmac	hero/veterinary	f-two-puppies
2026-09-07	7gcjFeXjayw	Jonatan Bustos	https://unsplash.com/photos/a-man-holding-a-small-dog-in-a-room-7gcjFeXjayw	library/veterinary/beckett-animal-care	first-visit-handover
2026-09-07	ngqyo2AYYnE	Berkay Gumustekin	https://unsplash.com/photos/selective-focus-photography-of-short-coated-brown-puppy-facing-right-side-ngqyo2AYYnE	library/veterinary/beckett-animal-care	puppy-red-collar
2026-09-07	5Bi6MWlWMbw	Judy Beth Morris	https://unsplash.com/photos/a-white-kitten-being-examined-by-a-veterinator-5Bi6MWlWMbw	library/veterinary/beckett-animal-care	kitten-stethoscope
2026-09-07	sdpIuIbKaQg	Alexander Mass	https://unsplash.com/photos/veterinarian-examines-a-dachshunds-teeth-sdpIuIbKaQg	library/veterinary/beckett-animal-care	dentistry-loupe
2026-09-07	fQeLC7WlNm8	Alexander Mass	https://unsplash.com/photos/veterinarian-gives-injection-to-a-small-dog-fQeLC7WlNm8	library/veterinary/beckett-animal-care	vaccination-paw
2026-09-07	u2H8mUzoF2Q	Anya Prygunova	https://unsplash.com/photos/a-person-holding-a-dog-u2H8mUzoF2Q	library/veterinary/beckett-animal-care	exam-room-chihuahua
2026-09-07	U8S9tAaF8B4	Eduard Galitsky	https://unsplash.com/photos/woman-petting-an-old-dog-on-a-couch-U8S9tAaF8B4	library/veterinary/beckett-animal-care	senior-dog-couch
2026-09-07	P0GTa-9bmac	Lisa Therese	https://unsplash.com/photos/golden-retriever-puppy-on-green-grass-field-during-daytime-P0GTa-9bmac	hero/veterinary	k-new-puppies
2026-09-07	FtuJIuBbUhI	Wade Austin Ellis	https://unsplash.com/photos/woman-hugging-a-dog-FtuJIuBbUhI	hero/veterinary	k-held
2026-09-07	_NChq9Wlyds	Nhan Hoang	https://unsplash.com/photos/stone-staircase-with-classical-columns-_NChq9Wlyds	hero/personal-injury	f-courthouse-steps
2026-09-07	DdsXgbHVg7M	Jeswin Thomas	https://unsplash.com/photos/a-view-of-a-city-at-night-from-the-top-of-a-building-DdsXgbHVg7M	hero/personal-injury	f-night-floor
2026-09-07	rLIZ_8LUKtY	Michael D Beckwith	https://unsplash.com/photos/empty-courtroom-featuring-rich-wooden-paneling-and-a-decorative-ceiling-rLIZ_8LUKtY	library/personal-injury/okonkwo-trial-law	courtroom-bench
2026-09-07	HpmDAS1Dozs	David Veksler	https://unsplash.com/photos/architectural-photography-of-trial-court-interior-view-HpmDAS1Dozs	library/personal-injury/okonkwo-trial-law	courtroom-red
2026-09-07	cF2erU03KpY	Ian Talmacs	https://unsplash.com/photos/a-large-room-with-many-bookshelves-cF2erU03KpY	library/personal-injury/okonkwo-trial-law	law-library
2026-09-07	SQZtpwXnY1Q	Colin Lloyd	https://unsplash.com/photos/a-building-with-columns-and-steps-in-front-of-it-SQZtpwXnY1Q	library/personal-injury/okonkwo-trial-law	columns-autumn
2026-09-07	hQOct36DUSY	Red Shuheart	https://unsplash.com/photos/rainy-night-street-reflecting-lights-hQOct36DUSY	hero/personal-injury	g-rain-street
2026-09-07	ZH4FUYiaczY	Dimitri Karastelev	https://unsplash.com/photos/a-woman-sitting-at-a-table-with-lots-of-papers-ZH4FUYiaczY	library/personal-injury/prentice-and-aldana	papers-desk
2026-09-07	OQMZwNd3ThU	Scott Graham	https://unsplash.com/photos/man-writing-on-paper-OQMZwNd3ThU	library/personal-injury/prentice-and-aldana	writing-demand
2026-09-07	wNxbeoNUg_4	Annika Wischnewsky	https://unsplash.com/photos/couple-signing-document-at-desk-wNxbeoNUg_4	library/personal-injury/prentice-and-aldana	signing-together
2026-09-07	mUPR-sjtvn4	Shayna Douglas	https://unsplash.com/photos/a-close-up-of-a-dog-sitting-in-the-grass-mUPR-sjtvn4	hero/veterinary	h-golden-smile
2026-09-07	Pk-KuizxQv8	Tasha Kostyuk	https://unsplash.com/photos/empty-hospital-corridor-with-benches-and-doors-Pk-KuizxQv8	library/personal-injury/prentice-and-aldana	hospital-corridor
2026-09-07	pt3tR01-4Fk	Nasser Eledroos	https://unsplash.com/photos/brown-wooden-shelf-with-books-pt3tR01-4Fk	library/personal-injury/prentice-and-aldana	law-books
2026-09-07	soXomY5I_UU	Thilina Alagiyawanna	https://unsplash.com/photos/a-light-colored-dog-stands-in-a-grassy-field-soXomY5I_UU	hero/veterinary	h-dog-in-grass
2026-09-07	HTpmedSyZag	Richard Burlton	https://unsplash.com/photos/golden-retriever-puppy-with-blue-collar-HTpmedSyZag	hero/veterinary	g-golden-puppy
2026-09-07	ISg37AI2A-s	Eric Ward	https://unsplash.com/photos/photo-of-man-hugging-tan-dog-ISg37AI2A-s	hero/veterinary	g-owner-hug
2026-09-07	xR8Fw4QjtNU	Alvan Nee	https://unsplash.com/photos/a-happy-corgi-lies-on-the-grass-outdoors-xR8Fw4QjtNU	hero/veterinary	k-corgi-yes
2026-09-07	e4f87NzUJsU	Alexander Mass	https://unsplash.com/photos/a-veterinarian-examines-a-black-and-tan-dachshund-e4f87NzUJsU	library/veterinary/willowbank-animal-hospital	dachshund-exam
2026-09-07	WX4i1Jq_o0Y	Taylor Kopel	https://unsplash.com/photos/yellow-labrador-retriever-puppy-sitting-on-floor-WX4i1Jq_o0Y	library/veterinary/willowbank-animal-hospital	lab-puppy
2026-09-07	PW9c874Qmpk	Anuja Kulkarni	https://unsplash.com/photos/a-beagle-dog-rests-on-a-red-surface-at-night-PW9c874Qmpk	hero/veterinary	i-beagle-night
2026-09-07	ZTs-DPhMoDo	Cindie Hansen	https://unsplash.com/photos/a-small-gray-kitten-sitting-on-top-of-a-table-ZTs-DPhMoDo	library/veterinary/willowbank-animal-hospital	grey-kitten
2026-09-07	CLhFS67ni1c	Faber Leonardo	https://unsplash.com/photos/a-golden-retriever-is-sitting-and-smiling-for-the-camera-CLhFS67ni1c	library/veterinary/willowbank-animal-hospital	golden-sitting
2026-09-07	c3ntL54aj7I	Matthew Henry	https://unsplash.com/photos/brown-pug-lying-on-floor-c3ntL54aj7I	hero/veterinary	i-pug-lamplight
2026-09-07	iyhuj43JIq8	Haley Owens	https://unsplash.com/photos/brown-and-white-tabby-cat-iyhuj43JIq8	library/veterinary/willowbank-animal-hospital	tabby-cat
2026-09-07	Fl5EtN4Z-i8	Faber Leonardo	https://unsplash.com/photos/a-close-up-of-a-dog-looking-at-the-camera-Fl5EtN4Z-i8	library/veterinary/hollis-animal-hospital	golden-face
2026-09-07	e4f87NzUJsU	Alexander Mass	https://unsplash.com/photos/a-veterinarian-examines-a-black-and-tan-dachshund-e4f87NzUJsU	library/veterinary/hollis-animal-hospital	dachshund-exam
2026-09-07	sdpIuIbKaQg	Alexander Mass	https://unsplash.com/photos/veterinarian-examines-a-dachshunds-teeth-sdpIuIbKaQg	library/veterinary/hollis-animal-hospital	dental-check
2026-09-07	zDSIWt0ZPck	Max Bvp	https://unsplash.com/photos/a-person-holds-a-beagle-puppys-head-zDSIWt0ZPck	library/veterinary/willowbank-animal-hospital	beagle-head
2026-09-07	cElSWRVRRKQ	Angela Baker	https://unsplash.com/photos/a-dog-sleeping-on-a-rug-cElSWRVRRKQ	library/veterinary/hollis-animal-hospital	lab-asleep
2026-09-07	zDSIWt0ZPck	Max Bvp	https://unsplash.com/photos/a-person-holds-a-beagle-puppys-head-zDSIWt0ZPck	library/veterinary/hollis-animal-hospital	beagle-first-visit
2026-09-07	u2H8mUzoF2Q	Anya Prygunova	https://unsplash.com/photos/a-person-holding-a-dog-u2H8mUzoF2Q	library/veterinary/hollis-animal-hospital	ultrasound-room
2026-09-07	0xVDp-xebJk	Manki Kim	https://unsplash.com/photos/person-holding-orange-tabby-kitten-0xVDp-xebJk	library/veterinary/hollis-animal-hospital	tabby-kitten
2026-09-07	lsEzjUqGfTA	Jeet Sandhu	https://unsplash.com/photos/a-tabby-cat-rests-on-a-windowsill-lsEzjUqGfTA	library/veterinary/hollis-animal-hospital	cat-windowsill
2026-09-07	ltsKOg_q_Gc	Taylor Sondgeroth	https://unsplash.com/photos/golden-retriever-puppy-lying-on-white-textile-ltsKOg_q_Gc	library/veterinary/corner-oak-veterinary	golden-resting
2026-09-07	52LVSjj7voc	Colin Lloyd	https://unsplash.com/photos/a-man-sitting-on-a-bench-in-front-of-a-building-52LVSjj7voc	hero/personal-injury	g-bench-courthouse
2026-09-07	zDSIWt0ZPck	Max Bvp	https://unsplash.com/photos/a-person-holds-a-beagle-puppys-head-zDSIWt0ZPck	library/veterinary/corner-oak-veterinary	beagle-held
2026-09-07	ncyYnXWX-xE	ooneiroslyl	https://unsplash.com/photos/a-woman-holding-a-cat-in-her-arms-ncyYnXWX-xE	library/veterinary/corner-oak-veterinary	cat-in-scrubs
2026-09-07	De0L12jvEGk	Christopher Pap de Pestény	https://unsplash.com/photos/a-man-sitting-at-a-desk-looking-out-a-window-De0L12jvEGk	library/personal-injury/prentice-and-aldana	reading-window
2026-09-07	e4f87NzUJsU	Alexander Mass	https://unsplash.com/photos/a-veterinarian-examines-a-black-and-tan-dachshund-e4f87NzUJsU	library/veterinary/corner-oak-veterinary	dachshund-exam
2026-09-07	p_qco2Eo-E0	Luke MacGillivray	https://unsplash.com/photos/shallow-focus-photo-of-short-coated-white-brown-and-black-dog-p_qco2Eo-E0	library/veterinary/corner-oak-veterinary	beagle-collar
2026-09-07	_JEiyOfC2y8	Colin Lloyd	https://unsplash.com/photos/a-large-building-with-columns-and-a-clock-on-the-front-of-it-_JEiyOfC2y8	library/personal-injury/prentice-and-aldana	courthouse-clock
2026-09-07	IFxjDdqK_0U	Mikhail Vasilyev	https://unsplash.com/photos/white-and-gray-cat-IFxjDdqK_0U	library/veterinary/corner-oak-veterinary	kitten
2026-09-07	5Bi6MWlWMbw	Judy Beth Morris	https://unsplash.com/photos/a-white-kitten-being-examined-by-a-veterinator-5Bi6MWlWMbw	library/veterinary/corner-oak-veterinary	cat-exam
2026-09-07	I3KxEBS6iOc	Alexander Mass	https://unsplash.com/photos/veterinarian-examines-a-dog-on-an-examination-table-I3KxEBS6iOc	library/veterinary/willowbank-animal-hospital	exam-table-vet
2026-09-07	q-1iFFFN6ls	Alexander Mass	https://unsplash.com/photos/veterinarian-performing-ultrasound-on-a-dog-q-1iFFFN6ls	library/veterinary/willowbank-animal-hospital	ultrasound
2026-09-07	e4f87NzUJsU	Alexander Mass	https://unsplash.com/photos/a-veterinarian-examines-a-black-and-tan-dachshund-e4f87NzUJsU	library/veterinary/fernhill-veterinary	vet-dachshund
2026-09-07	yme-xntjSKY	Alexander Mass	https://unsplash.com/photos/veterinarian-examines-a-black-dachshunds-teeth-yme-xntjSKY	library/veterinary/willowbank-animal-hospital	dental-check
2026-09-07	WX4i1Jq_o0Y	Taylor Kopel	https://unsplash.com/photos/yellow-labrador-retriever-puppy-sitting-on-floor-WX4i1Jq_o0Y	library/veterinary/fernhill-veterinary	lab-puppy
2026-09-07	5Bi6MWlWMbw	Judy Beth Morris	https://unsplash.com/photos/a-white-kitten-being-examined-by-a-veterinator-5Bi6MWlWMbw	library/veterinary/fernhill-veterinary	kitten-exam
2026-09-07	FnMh0z-IeBY	Reba Spike	https://unsplash.com/photos/yellow-labrador-retriever-lying-on-floor-FnMh0z-IeBY	library/veterinary/fernhill-veterinary	senior-lab
2026-09-07	ZTs-DPhMoDo	Cindie Hansen	https://unsplash.com/photos/a-small-gray-kitten-sitting-on-top-of-a-table-ZTs-DPhMoDo	library/veterinary/fernhill-veterinary	grey-kitten
2026-09-07	pw2eI1iVNgk	Jane Thomson	https://unsplash.com/photos/a-black-and-brown-dog-sitting-on-top-of-a-table-pw2eI1iVNgk	library/veterinary/fernhill-veterinary	shepherd-portrait
2026-09-07	VehdYPKnX8Y	Andriyko Podilnyk	https://unsplash.com/photos/person-walking-beside-golden-retriever-on-the-street-VehdYPKnX8Y	hero/veterinary	j-walk-in
2026-09-07	e4f87NzUJsU	Alexander Mass	https://unsplash.com/photos/a-veterinarian-examines-a-black-and-tan-dachshund-e4f87NzUJsU	library/veterinary/marlow-veterinary-clinic	exam-dachshund
2026-09-07	wNtuxiOxM9c	Anna Khromova	https://unsplash.com/photos/a-person-holds-a-sleeping-golden-retriever-puppy-wNtuxiOxM9c	library/veterinary/marlow-veterinary-clinic	puppy-asleep
2026-09-07	sdpIuIbKaQg	Alexander Mass	https://unsplash.com/photos/veterinarian-examines-a-dachshunds-teeth-sdpIuIbKaQg	library/veterinary/marlow-veterinary-clinic	dental-check
2026-09-07	q-1iFFFN6ls	Alexander Mass	https://unsplash.com/photos/veterinarian-performing-ultrasound-on-a-dog-q-1iFFFN6ls	library/veterinary/marlow-veterinary-clinic	ultrasound
2026-09-07	1GVUL1JDnr0	JNY AAA	https://unsplash.com/photos/happy-white-dog-peeking-from-under-a-table-1GVUL1JDnr0	library/veterinary/marlow-veterinary-clinic	under-the-table
2026-09-07	0cyXsESU9yw	Giovanna Gomes	https://unsplash.com/photos/brown-and-white-tabby-cat-0cyXsESU9yw	library/veterinary/marlow-veterinary-clinic	tabby-looking-up
2026-09-07	xIcDBtpXBp8	Egor Myznik	https://unsplash.com/photos/yellow-labrador-retriever-lying-on-floor-xIcDBtpXBp8	hero/veterinary	j-lab-on-the-floor
2026-09-07	zEKDvAa4PGU	Zuzanna Bąk	https://unsplash.com/photos/a-black-and-white-dog-sits-in-a-forest-zEKDvAa4PGU	hero/veterinary	g-collie-forest
2026-09-07	AKm4bxnsjEU	BĀBI	https://unsplash.com/photos/white-long-coat-small-dog-on-brown-leather-sofa-AKm4bxnsjEU	hero/veterinary	i-westie-lamplight
2026-09-07	client-supplied	(supplied by Joe Waine, Desktop file 2202604-puppy-kitten-playing-melt-hearts.webp)	-	library/veterinary/corner-oak-veterinary	puppy-kitten
